<?xml version="1.0" encoding="UTF-8"?>
<project-private xmlns="http://www.netbeans.org/ns/project-private/1">
    <editor-bookmarks xmlns="http://www.netbeans.org/ns/editor-bookmarks/2" lastBookmarkId="0"/>
    <open-files xmlns="http://www.netbeans.org/ns/projectui-open-files/2">
        <group>
            <file>file:/C:/Users/Swaroop/OneDrive/Documents/NetBeansProjects/post_office1/src/post_office1/LoginForm.java</file>
            <file>file:/C:/Users/Swaroop/OneDrive/Documents/NetBeansProjects/post_office1/src/post_office1/regester.java</file>
            <file>file:/C:/Users/Swaroop/OneDrive/Documents/NetBeansProjects/post_office1/src/post_office1/mainpage.java</file>
            <file>file:/C:/Users/Swaroop/OneDrive/Documents/NetBeansProjects/post_office1/src/post_office1/Addservice.java</file>
            <file>file:/C:/Users/Swaroop/OneDrive/Documents/NetBeansProjects/post_office1/src/post_office1/Customerpage.java</file>
            <file>file:/C:/Users/Swaroop/OneDrive/Documents/NetBeansProjects/post_office1/src/post_office1/servicepage.java</file>
        </group>
    </open-files>
</project-private>
